[
    {
        "id": "0eda7f126c5a7d66",
        "type": "tab",
        "label": "Flow 1",
        "disabled": false,
        "info": "",
        "env": []
    },
    {
        "id": "867af75b770b19a7",
        "type": "mqtt in",
        "z": "0eda7f126c5a7d66",
        "name": "temperature",
        "topic": "ras/temperature",
        "qos": "1",
        "datatype": "auto-detect",
        "broker": "9444fed1164fae5c",
        "nl": false,
        "rap": true,
        "rh": 0,
        "inputs": 0,
        "x": 530,
        "y": 440,
        "wires": [
            [
                "9eebe99dfb58e74a",
                "396412a7777b65b0"
            ]
        ]
    },
    {
        "id": "9eebe99dfb58e74a",
        "type": "ui_gauge",
        "z": "0eda7f126c5a7d66",
        "name": "",
        "group": "a4f3adcf406f8c8d",
        "order": 1,
        "width": 0,
        "height": 0,
        "gtype": "gage",
        "title": "Temperature",
        "label": "C",
        "format": "{{value}}",
        "min": 0,
        "max": "50",
        "colors": [
            "#00b500",
            "#e6e600",
            "#ca3838"
        ],
        "seg1": "",
        "seg2": "",
        "x": 750,
        "y": 440,
        "wires": []
    },
    {
        "id": "50e481cdf340de1f",
        "type": "mqtt in",
        "z": "0eda7f126c5a7d66",
        "name": "turbidity",
        "topic": "ras/turbidity",
        "qos": "1",
        "datatype": "auto-detect",
        "broker": "9444fed1164fae5c",
        "nl": false,
        "rap": true,
        "rh": 0,
        "inputs": 0,
        "x": 550,
        "y": 280,
        "wires": [
            [
                "4bbe1c6e6dce5778",
                "731e5059aa07b4b6"
            ]
        ]
    },
    {
        "id": "4bbe1c6e6dce5778",
        "type": "ui_gauge",
        "z": "0eda7f126c5a7d66",
        "name": "",
        "group": "3f6851220368ed8b",
        "order": 1,
        "width": 0,
        "height": 0,
        "gtype": "gage",
        "title": "Turbidity",
        "label": "NTU",
        "format": "{{value}}",
        "min": 0,
        "max": "1000",
        "colors": [
            "#00b500",
            "#e6e600",
            "#ca3838"
        ],
        "seg1": "",
        "seg2": "",
        "x": 740,
        "y": 280,
        "wires": []
    },
    {
        "id": "2546fbc3b5e733cc",
        "type": "mqtt in",
        "z": "0eda7f126c5a7d66",
        "name": "tds",
        "topic": "ras/tds",
        "qos": "1",
        "datatype": "auto-detect",
        "broker": "9444fed1164fae5c",
        "nl": false,
        "rap": true,
        "rh": 0,
        "inputs": 0,
        "x": 550,
        "y": 200,
        "wires": [
            [
                "72e32ba2bf308343",
                "8d3baa7fc6ad714c"
            ]
        ]
    },
    {
        "id": "72e32ba2bf308343",
        "type": "ui_gauge",
        "z": "0eda7f126c5a7d66",
        "name": "",
        "group": "31067771b775edb1",
        "order": 1,
        "width": 0,
        "height": 0,
        "gtype": "gage",
        "title": "TDS",
        "label": "ppm",
        "format": "{{value}}",
        "min": 0,
        "max": "5000",
        "colors": [
            "#00b500",
            "#e6e600",
            "#ca3838"
        ],
        "seg1": "",
        "seg2": "",
        "x": 730,
        "y": 200,
        "wires": []
    },
    {
        "id": "1b127b30fe19aeae",
        "type": "mqtt in",
        "z": "0eda7f126c5a7d66",
        "name": "do",
        "topic": "ras/oxygen",
        "qos": "1",
        "datatype": "auto-detect",
        "broker": "9444fed1164fae5c",
        "nl": false,
        "rap": true,
        "rh": 0,
        "inputs": 0,
        "x": 550,
        "y": 360,
        "wires": [
            [
                "749c5dabeac0f288",
                "ec283e06cd293caf"
            ]
        ]
    },
    {
        "id": "749c5dabeac0f288",
        "type": "ui_gauge",
        "z": "0eda7f126c5a7d66",
        "name": "",
        "group": "b9ffa86f11e9e0be",
        "order": 1,
        "width": 0,
        "height": 0,
        "gtype": "gage",
        "title": "DO",
        "label": "mg/L",
        "format": "{{value}}",
        "min": 0,
        "max": "10",
        "colors": [
            "#00b500",
            "#e6e600",
            "#ca3838"
        ],
        "seg1": "",
        "seg2": "",
        "x": 730,
        "y": 360,
        "wires": []
    },
    {
        "id": "d532974a8c742be9",
        "type": "mqtt out",
        "z": "0eda7f126c5a7d66",
        "name": "",
        "topic": "relay/aerator",
        "qos": "",
        "retain": "",
        "respTopic": "",
        "contentType": "",
        "userProps": "",
        "correl": "",
        "expiry": "",
        "broker": "9444fed1164fae5c",
        "x": 750,
        "y": 900,
        "wires": []
    },
    {
        "id": "9b4e733d48a4ddbc",
        "type": "ui_switch",
        "z": "0eda7f126c5a7d66",
        "name": "",
        "label": "Bio->Waste",
        "tooltip": "",
        "group": "a520c3331450a041",
        "order": 2,
        "width": 0,
        "height": 0,
        "passthru": true,
        "decouple": "false",
        "topic": "topic",
        "topicType": "msg",
        "style": "",
        "onvalue": "1",
        "onvalueType": "num",
        "onicon": "",
        "oncolor": "",
        "offvalue": "0",
        "offvalueType": "num",
        "officon": "",
        "offcolor": "",
        "animate": false,
        "x": 590,
        "y": 960,
        "wires": [
            [
                "458fc971a99ce0b1"
            ]
        ]
    },
    {
        "id": "458fc971a99ce0b1",
        "type": "mqtt out",
        "z": "0eda7f126c5a7d66",
        "name": "",
        "topic": "relay/bio-waste",
        "qos": "",
        "retain": "",
        "respTopic": "",
        "contentType": "",
        "userProps": "",
        "correl": "",
        "expiry": "",
        "broker": "9444fed1164fae5c",
        "x": 760,
        "y": 960,
        "wires": []
    },
    {
        "id": "4411627d1b4a43c7",
        "type": "ui_switch",
        "z": "0eda7f126c5a7d66",
        "name": "",
        "label": "Mecha->Bio",
        "tooltip": "",
        "group": "a520c3331450a041",
        "order": 3,
        "width": 0,
        "height": 0,
        "passthru": true,
        "decouple": "false",
        "topic": "topic",
        "topicType": "msg",
        "style": "",
        "onvalue": "1",
        "onvalueType": "num",
        "onicon": "",
        "oncolor": "",
        "offvalue": "0",
        "offvalueType": "num",
        "officon": "",
        "offcolor": "",
        "animate": false,
        "x": 590,
        "y": 1020,
        "wires": [
            [
                "63c10e418b1689f9"
            ]
        ]
    },
    {
        "id": "63c10e418b1689f9",
        "type": "mqtt out",
        "z": "0eda7f126c5a7d66",
        "name": "",
        "topic": "relay/mecha-bio",
        "qos": "",
        "retain": "",
        "respTopic": "",
        "contentType": "",
        "userProps": "",
        "correl": "",
        "expiry": "",
        "broker": "9444fed1164fae5c",
        "x": 760,
        "y": 1020,
        "wires": []
    },
    {
        "id": "69b6aea3ad78886a",
        "type": "ui_switch",
        "z": "0eda7f126c5a7d66",
        "name": "",
        "label": "Mecha->Waste",
        "tooltip": "",
        "group": "a520c3331450a041",
        "order": 4,
        "width": 0,
        "height": 0,
        "passthru": true,
        "decouple": "false",
        "topic": "topic",
        "topicType": "msg",
        "style": "",
        "onvalue": "1",
        "onvalueType": "num",
        "onicon": "",
        "oncolor": "",
        "offvalue": "0",
        "offvalueType": "num",
        "officon": "",
        "offcolor": "",
        "animate": false,
        "x": 580,
        "y": 1080,
        "wires": [
            [
                "48527cead85cc48a"
            ]
        ]
    },
    {
        "id": "48527cead85cc48a",
        "type": "mqtt out",
        "z": "0eda7f126c5a7d66",
        "name": "",
        "topic": "relay/mecha-waste",
        "qos": "",
        "retain": "",
        "respTopic": "",
        "contentType": "",
        "userProps": "",
        "correl": "",
        "expiry": "",
        "broker": "9444fed1164fae5c",
        "x": 770,
        "y": 1080,
        "wires": []
    },
    {
        "id": "3e9e1a4e67b3eb25",
        "type": "ui_switch",
        "z": "0eda7f126c5a7d66",
        "name": "",
        "label": "Vortex->Mecha",
        "tooltip": "",
        "group": "a520c3331450a041",
        "order": 5,
        "width": 0,
        "height": 0,
        "passthru": true,
        "decouple": "false",
        "topic": "topic",
        "topicType": "msg",
        "style": "",
        "onvalue": "1",
        "onvalueType": "num",
        "onicon": "",
        "oncolor": "",
        "offvalue": "0",
        "offvalueType": "num",
        "officon": "",
        "offcolor": "",
        "animate": false,
        "x": 580,
        "y": 1140,
        "wires": [
            [
                "a9c3f8fb5d1b0945"
            ]
        ]
    },
    {
        "id": "a9c3f8fb5d1b0945",
        "type": "mqtt out",
        "z": "0eda7f126c5a7d66",
        "name": "",
        "topic": "relay/vortex-mecha",
        "qos": "",
        "retain": "",
        "respTopic": "",
        "contentType": "",
        "userProps": "",
        "correl": "",
        "expiry": "",
        "broker": "9444fed1164fae5c",
        "x": 770,
        "y": 1140,
        "wires": []
    },
    {
        "id": "a2d5b13668c264bc",
        "type": "ui_switch",
        "z": "0eda7f126c5a7d66",
        "name": "",
        "label": "Bio->Pond",
        "tooltip": "",
        "group": "a520c3331450a041",
        "order": 6,
        "width": 0,
        "height": 0,
        "passthru": true,
        "decouple": "false",
        "topic": "topic",
        "topicType": "msg",
        "style": "",
        "onvalue": "1",
        "onvalueType": "num",
        "onicon": "",
        "oncolor": "",
        "offvalue": "0",
        "offvalueType": "num",
        "officon": "",
        "offcolor": "",
        "animate": false,
        "x": 590,
        "y": 1200,
        "wires": [
            [
                "123364673d384d9a"
            ]
        ]
    },
    {
        "id": "123364673d384d9a",
        "type": "mqtt out",
        "z": "0eda7f126c5a7d66",
        "name": "",
        "topic": "relay/bio-pond",
        "qos": "",
        "retain": "",
        "respTopic": "",
        "contentType": "",
        "userProps": "",
        "correl": "",
        "expiry": "",
        "broker": "9444fed1164fae5c",
        "x": 760,
        "y": 1200,
        "wires": []
    },
    {
        "id": "80b6896f7967b6ec",
        "type": "ui_switch",
        "z": "0eda7f126c5a7d66",
        "name": "",
        "label": "Ibc-Pump",
        "tooltip": "",
        "group": "a520c3331450a041",
        "order": 7,
        "width": 0,
        "height": 0,
        "passthru": true,
        "decouple": "false",
        "topic": "topic",
        "topicType": "msg",
        "style": "",
        "onvalue": "1",
        "onvalueType": "num",
        "onicon": "",
        "oncolor": "",
        "offvalue": "0",
        "offvalueType": "num",
        "officon": "",
        "offcolor": "",
        "animate": false,
        "x": 600,
        "y": 1260,
        "wires": [
            [
                "973fd5197c41ca76"
            ]
        ]
    },
    {
        "id": "973fd5197c41ca76",
        "type": "mqtt out",
        "z": "0eda7f126c5a7d66",
        "name": "",
        "topic": "relay/ibc-pump",
        "qos": "",
        "retain": "",
        "respTopic": "",
        "contentType": "",
        "userProps": "",
        "correl": "",
        "expiry": "",
        "broker": "9444fed1164fae5c",
        "x": 760,
        "y": 1260,
        "wires": []
    },
    {
        "id": "6f8acefb03ef79fe",
        "type": "ui_switch",
        "z": "0eda7f126c5a7d66",
        "name": "",
        "label": "Pump",
        "tooltip": "",
        "group": "a520c3331450a041",
        "order": 8,
        "width": 0,
        "height": 0,
        "passthru": true,
        "decouple": "false",
        "topic": "topic",
        "topicType": "msg",
        "style": "",
        "onvalue": "1",
        "onvalueType": "num",
        "onicon": "",
        "oncolor": "",
        "offvalue": "0",
        "offvalueType": "num",
        "officon": "",
        "offcolor": "",
        "animate": false,
        "x": 610,
        "y": 1320,
        "wires": [
            [
                "25489ab7fdd83030"
            ]
        ]
    },
    {
        "id": "25489ab7fdd83030",
        "type": "mqtt out",
        "z": "0eda7f126c5a7d66",
        "name": "",
        "topic": "relay/sump-pump",
        "qos": "",
        "retain": "",
        "respTopic": "",
        "contentType": "",
        "userProps": "",
        "correl": "",
        "expiry": "",
        "broker": "9444fed1164fae5c",
        "x": 770,
        "y": 1320,
        "wires": []
    },
    {
        "id": "c20a3529cf7337df",
        "type": "ui_switch",
        "z": "0eda7f126c5a7d66",
        "name": "",
        "label": "Vortex->Waste",
        "tooltip": "",
        "group": "a520c3331450a041",
        "order": 9,
        "width": 0,
        "height": 0,
        "passthru": true,
        "decouple": "false",
        "topic": "topic",
        "topicType": "msg",
        "style": "",
        "onvalue": "1",
        "onvalueType": "num",
        "onicon": "",
        "oncolor": "",
        "offvalue": "0",
        "offvalueType": "num",
        "officon": "",
        "offcolor": "",
        "animate": false,
        "x": 580,
        "y": 1380,
        "wires": [
            [
                "112da678b42d2b89"
            ]
        ]
    },
    {
        "id": "112da678b42d2b89",
        "type": "mqtt out",
        "z": "0eda7f126c5a7d66",
        "name": "",
        "topic": "relay/vortex-waste",
        "qos": "",
        "retain": "",
        "respTopic": "",
        "contentType": "",
        "userProps": "",
        "correl": "",
        "expiry": "",
        "broker": "9444fed1164fae5c",
        "x": 770,
        "y": 1380,
        "wires": []
    },
    {
        "id": "ec283e06cd293caf",
        "type": "change",
        "z": "0eda7f126c5a7d66",
        "name": "",
        "rules": [
            {
                "t": "set",
                "p": "oxygen",
                "pt": "flow",
                "to": "$number(msg.payload)",
                "tot": "jsonata"
            }
        ],
        "action": "",
        "property": "",
        "from": "",
        "to": "",
        "reg": false,
        "x": 760,
        "y": 320,
        "wires": [
            []
        ]
    },
    {
        "id": "8392866bba90df9e",
        "type": "ui_template",
        "z": "0eda7f126c5a7d66",
        "group": "81b1bdc3.9a60b8",
        "name": "CSS-Basics",
        "order": 4,
        "width": 0,
        "height": 0,
        "format": "<style>\n    * {\n        font-size: 12px;\n    }\n    /* ui-card-panel{\n        background-color: #f5f5fa !important;\n    } */\n\n    /* body.nr-dashboard-theme md-toolbar, */\n    /* body.nr-dashboard-theme md-content md-card {} */\n\n    /* ui-card-panel { */\n        /* background-color: rgba(250, 250, 250, 0.3) !important; */\n        /* border: none !important; */\n        /* border-radius: 10px !important; */\n\n        /*        box-shadow: 0 3px 6px 0 rgba(0, 0, 0, 0.2), 0 4px 8px 0 rgba(0, 0, 0, 0.19) !important;\\n*/\n    /* } */\n</style>",
        "storeOutMessages": true,
        "fwdInMessages": true,
        "resendOnRefresh": false,
        "templateScope": "global",
        "x": 330,
        "y": 200,
        "wires": [
            []
        ]
    },
    {
        "id": "33aff78e68981560",
        "type": "mysql",
        "z": "0eda7f126c5a7d66",
        "mydb": "393d9c0812216f1f",
        "name": "crayfishDB",
        "x": 1030,
        "y": 240,
        "wires": [
            []
        ]
    },
    {
        "id": "bb42547e083c65c1",
        "type": "inject",
        "z": "0eda7f126c5a7d66",
        "name": "",
        "props": [
            {
                "p": "payload"
            },
            {
                "p": "topic",
                "vt": "str"
            }
        ],
        "repeat": "3600",
        "crontab": "",
        "once": true,
        "onceDelay": "0.1",
        "topic": "",
        "payload": "",
        "payloadType": "date",
        "x": 1030,
        "y": 60,
        "wires": [
            [
                "cbcc4c619ff38a95"
            ]
        ]
    },
    {
        "id": "731e5059aa07b4b6",
        "type": "change",
        "z": "0eda7f126c5a7d66",
        "name": "",
        "rules": [
            {
                "t": "set",
                "p": "turbidity",
                "pt": "flow",
                "to": "$number(msg.payload)",
                "tot": "jsonata"
            }
        ],
        "action": "",
        "property": "",
        "from": "",
        "to": "",
        "reg": false,
        "x": 760,
        "y": 240,
        "wires": [
            []
        ]
    },
    {
        "id": "8d3baa7fc6ad714c",
        "type": "change",
        "z": "0eda7f126c5a7d66",
        "name": "",
        "rules": [
            {
                "t": "set",
                "p": "tds",
                "pt": "flow",
                "to": "$number(msg.payload)",
                "tot": "jsonata"
            }
        ],
        "action": "",
        "property": "",
        "from": "",
        "to": "",
        "reg": false,
        "x": 750,
        "y": 160,
        "wires": [
            []
        ]
    },
    {
        "id": "cbcc4c619ff38a95",
        "type": "function",
        "z": "0eda7f126c5a7d66",
        "name": "COMBINE DATA",
        "func": "msg = {\n    oxygen : flow.get(\"oxygen\"),\n    turbidity : flow.get(\"turbidity\"),\n    tds : flow.get(\"tds\"),\n    temperature : flow.get(\"temperature\")\n};\n\nreturn msg;",
        "outputs": 1,
        "timeout": 0,
        "noerr": 0,
        "initialize": "",
        "finalize": "",
        "libs": [],
        "x": 1050,
        "y": 120,
        "wires": [
            [
                "eb65c67213948168"
            ]
        ]
    },
    {
        "id": "eb65c67213948168",
        "type": "function",
        "z": "0eda7f126c5a7d66",
        "name": "INSERT",
        "func": "msg.topic = \"INSERT INTO sensordata (oxygen, turbidity, tds, temperature) \" +\n            \"VALUES (\" + msg.oxygen + \", \" + msg.turbidity + \", \" + msg.tds + \", \" + msg.temperature + \");\";\n\n\nreturn msg;\n",
        "outputs": 1,
        "timeout": 0,
        "noerr": 0,
        "initialize": "",
        "finalize": "",
        "libs": [],
        "x": 1020,
        "y": 180,
        "wires": [
            [
                "33aff78e68981560"
            ]
        ]
    },
    {
        "id": "3b05de74.fea798",
        "type": "inject",
        "z": "0eda7f126c5a7d66",
        "name": "",
        "props": [
            {
                "p": "payload"
            },
            {
                "p": "topic",
                "vt": "str"
            }
        ],
        "repeat": "30",
        "crontab": "",
        "once": false,
        "onceDelay": 0.1,
        "topic": "",
        "payload": "",
        "payloadType": "date",
        "x": 430,
        "y": 620,
        "wires": [
            []
        ]
    },
    {
        "id": "1c82e736.bdfa2d",
        "type": "function",
        "z": "0eda7f126c5a7d66",
        "name": "",
        "func": "var currentDate = new Date();\nvar currentHour = currentDate.getHours();\nvar currentMin = currentDate.getMinutes();\n\nif ((currentHour >= 18 || currentHour < 8) && currentMin <= 28) {\n    var delayTime = 0.5 * 60 * 1000;\n    \n    // Determine the state to be sent based on the time\n    var state = (currentHour < 5) ? 0 : 1;\n\n    // Set up a recurring pattern with a delay\n    setTimeout(function () {\n        // Send the state to MQTT out node\n        node.send({ payload: state });\n\n        // Toggle the state for the next iteration\n        state = 1 - state;\n        \n        // Continue the pattern\n        setInterval(function () {\n            node.send({ payload: state });\n            state = 1 - state;\n        }, delayTime);\n    }, delayTime - currentDate.getMinutes() * 60 * 1000 - currentDate.getSeconds() * 1000);\n}",
        "outputs": 1,
        "timeout": "",
        "noerr": 0,
        "initialize": "",
        "finalize": "",
        "libs": [],
        "x": 600,
        "y": 620,
        "wires": [
            []
        ]
    },
    {
        "id": "e696b530d91ff1bd",
        "type": "debug",
        "z": "0eda7f126c5a7d66",
        "name": "debug 1",
        "active": true,
        "tosidebar": true,
        "console": false,
        "tostatus": false,
        "complete": "payload",
        "targetType": "msg",
        "statusVal": "",
        "statusType": "auto",
        "x": 580,
        "y": 760,
        "wires": []
    },
    {
        "id": "396412a7777b65b0",
        "type": "change",
        "z": "0eda7f126c5a7d66",
        "name": "",
        "rules": [
            {
                "t": "set",
                "p": "temperature",
                "pt": "flow",
                "to": "$number(msg.payload)",
                "tot": "jsonata"
            }
        ],
        "action": "",
        "property": "",
        "from": "",
        "to": "",
        "reg": false,
        "x": 780,
        "y": 400,
        "wires": [
            []
        ]
    },
    {
        "id": "0e8cde5bd3217f0e",
        "type": "function",
        "z": "0eda7f126c5a7d66",
        "name": "return zero",
        "func": "node.send({ payload: 0 });",
        "outputs": 1,
        "timeout": "",
        "noerr": 0,
        "initialize": "",
        "finalize": "",
        "libs": [],
        "x": 350,
        "y": 760,
        "wires": [
            [
                "d532974a8c742be9",
                "e696b530d91ff1bd"
            ]
        ]
    },
    {
        "id": "7eb8f5e647fe7baf",
        "type": "function",
        "z": "0eda7f126c5a7d66",
        "name": "return one",
        "func": "node.send({ payload: 1 });",
        "outputs": 1,
        "timeout": "",
        "noerr": 0,
        "initialize": "",
        "finalize": "",
        "libs": [],
        "x": 330,
        "y": 1240,
        "wires": [
            [
                "d532974a8c742be9",
                "e696b530d91ff1bd"
            ]
        ]
    },
    {
        "id": "d2b6a952d89a3529",
        "type": "inject",
        "z": "0eda7f126c5a7d66",
        "name": "18",
        "props": [
            {
                "p": "payload"
            },
            {
                "p": "topic",
                "vt": "str"
            }
        ],
        "repeat": "",
        "crontab": "00 18 * * *",
        "once": false,
        "onceDelay": 0.1,
        "topic": "",
        "payload": "",
        "payloadType": "date",
        "x": 150,
        "y": 760,
        "wires": [
            [
                "0e8cde5bd3217f0e"
            ]
        ]
    },
    {
        "id": "cd564664e01741f5",
        "type": "inject",
        "z": "0eda7f126c5a7d66",
        "name": "19",
        "props": [
            {
                "p": "payload"
            },
            {
                "p": "topic",
                "vt": "str"
            }
        ],
        "repeat": "",
        "crontab": "00 19 * * *",
        "once": false,
        "onceDelay": 0.1,
        "topic": "",
        "payload": "",
        "payloadType": "date",
        "x": 150,
        "y": 800,
        "wires": [
            [
                "0e8cde5bd3217f0e"
            ]
        ]
    },
    {
        "id": "48254ead83ea7214",
        "type": "inject",
        "z": "0eda7f126c5a7d66",
        "name": "20",
        "props": [
            {
                "p": "payload"
            },
            {
                "p": "topic",
                "vt": "str"
            }
        ],
        "repeat": "",
        "crontab": "00 20 * * *",
        "once": false,
        "onceDelay": 0.1,
        "topic": "",
        "payload": "",
        "payloadType": "date",
        "x": 150,
        "y": 840,
        "wires": [
            [
                "0e8cde5bd3217f0e"
            ]
        ]
    },
    {
        "id": "15e43cfd8572a880",
        "type": "inject",
        "z": "0eda7f126c5a7d66",
        "name": "21",
        "props": [
            {
                "p": "payload"
            },
            {
                "p": "topic",
                "vt": "str"
            }
        ],
        "repeat": "",
        "crontab": "00 21 * * *",
        "once": false,
        "onceDelay": 0.1,
        "topic": "",
        "payload": "",
        "payloadType": "date",
        "x": 150,
        "y": 880,
        "wires": [
            [
                "0e8cde5bd3217f0e"
            ]
        ]
    },
    {
        "id": "90ae19e233f1bccf",
        "type": "inject",
        "z": "0eda7f126c5a7d66",
        "name": "22",
        "props": [
            {
                "p": "payload"
            },
            {
                "p": "topic",
                "vt": "str"
            }
        ],
        "repeat": "",
        "crontab": "00 22 * * *",
        "once": false,
        "onceDelay": 0.1,
        "topic": "",
        "payload": "",
        "payloadType": "date",
        "x": 150,
        "y": 920,
        "wires": [
            [
                "0e8cde5bd3217f0e"
            ]
        ]
    },
    {
        "id": "d770b07bc3c8b037",
        "type": "inject",
        "z": "0eda7f126c5a7d66",
        "name": "23",
        "props": [
            {
                "p": "payload"
            },
            {
                "p": "topic",
                "vt": "str"
            }
        ],
        "repeat": "",
        "crontab": "00 23 * * *",
        "once": false,
        "onceDelay": 0.1,
        "topic": "",
        "payload": "",
        "payloadType": "date",
        "x": 150,
        "y": 960,
        "wires": [
            [
                "0e8cde5bd3217f0e"
            ]
        ]
    },
    {
        "id": "04c460172b094491",
        "type": "inject",
        "z": "0eda7f126c5a7d66",
        "name": "00",
        "props": [
            {
                "p": "payload"
            },
            {
                "p": "topic",
                "vt": "str"
            }
        ],
        "repeat": "",
        "crontab": "00 00 * * *",
        "once": false,
        "onceDelay": 0.1,
        "topic": "",
        "payload": "",
        "payloadType": "date",
        "x": 150,
        "y": 1000,
        "wires": [
            [
                "0e8cde5bd3217f0e"
            ]
        ]
    },
    {
        "id": "ab637641e6cad8e6",
        "type": "inject",
        "z": "0eda7f126c5a7d66",
        "name": "01",
        "props": [
            {
                "p": "payload"
            },
            {
                "p": "topic",
                "vt": "str"
            }
        ],
        "repeat": "",
        "crontab": "00 01 * * *",
        "once": false,
        "onceDelay": 0.1,
        "topic": "",
        "payload": "",
        "payloadType": "date",
        "x": 150,
        "y": 1040,
        "wires": [
            [
                "0e8cde5bd3217f0e"
            ]
        ]
    },
    {
        "id": "872a5b0255a90d81",
        "type": "inject",
        "z": "0eda7f126c5a7d66",
        "name": "02",
        "props": [
            {
                "p": "payload"
            },
            {
                "p": "topic",
                "vt": "str"
            }
        ],
        "repeat": "",
        "crontab": "00 02 * * *",
        "once": false,
        "onceDelay": 0.1,
        "topic": "",
        "payload": "",
        "payloadType": "date",
        "x": 150,
        "y": 1080,
        "wires": [
            [
                "0e8cde5bd3217f0e"
            ]
        ]
    },
    {
        "id": "6b9e50ab973c1d4c",
        "type": "inject",
        "z": "0eda7f126c5a7d66",
        "name": "03",
        "props": [
            {
                "p": "payload"
            },
            {
                "p": "topic",
                "vt": "str"
            }
        ],
        "repeat": "",
        "crontab": "00 03 * * *",
        "once": false,
        "onceDelay": 0.1,
        "topic": "",
        "payload": "",
        "payloadType": "date",
        "x": 150,
        "y": 1120,
        "wires": [
            [
                "0e8cde5bd3217f0e"
            ]
        ]
    },
    {
        "id": "4ccee9fe238ca430",
        "type": "inject",
        "z": "0eda7f126c5a7d66",
        "name": "04",
        "props": [
            {
                "p": "payload"
            },
            {
                "p": "topic",
                "vt": "str"
            }
        ],
        "repeat": "",
        "crontab": "00 04 * * *",
        "once": false,
        "onceDelay": 0.1,
        "topic": "",
        "payload": "",
        "payloadType": "date",
        "x": 150,
        "y": 1160,
        "wires": [
            [
                "0e8cde5bd3217f0e"
            ]
        ]
    },
    {
        "id": "29b7f37a9114e33d",
        "type": "inject",
        "z": "0eda7f126c5a7d66",
        "name": "05",
        "props": [
            {
                "p": "payload"
            },
            {
                "p": "topic",
                "vt": "str"
            }
        ],
        "repeat": "",
        "crontab": "00 05 * * *",
        "once": false,
        "onceDelay": 0.1,
        "topic": "",
        "payload": "",
        "payloadType": "date",
        "x": 150,
        "y": 1200,
        "wires": [
            [
                "0e8cde5bd3217f0e"
            ]
        ]
    },
    {
        "id": "916def0190f390f8",
        "type": "inject",
        "z": "0eda7f126c5a7d66",
        "name": "18:30",
        "props": [
            {
                "p": "payload"
            },
            {
                "p": "topic",
                "vt": "str"
            }
        ],
        "repeat": "",
        "crontab": "30 18 * * *",
        "once": false,
        "onceDelay": 0.1,
        "topic": "",
        "payload": "",
        "payloadType": "date",
        "x": 160,
        "y": 1240,
        "wires": [
            [
                "7eb8f5e647fe7baf"
            ]
        ]
    },
    {
        "id": "03503bf44e6f9977",
        "type": "inject",
        "z": "0eda7f126c5a7d66",
        "name": "19:30",
        "props": [
            {
                "p": "payload"
            },
            {
                "p": "topic",
                "vt": "str"
            }
        ],
        "repeat": "",
        "crontab": "30 19 * * *",
        "once": false,
        "onceDelay": 0.1,
        "topic": "",
        "payload": "",
        "payloadType": "date",
        "x": 160,
        "y": 1280,
        "wires": [
            [
                "7eb8f5e647fe7baf"
            ]
        ]
    },
    {
        "id": "ca8f8b9f49f6d696",
        "type": "inject",
        "z": "0eda7f126c5a7d66",
        "name": "20:30",
        "props": [
            {
                "p": "payload"
            },
            {
                "p": "topic",
                "vt": "str"
            }
        ],
        "repeat": "",
        "crontab": "30 20 * * *",
        "once": false,
        "onceDelay": 0.1,
        "topic": "",
        "payload": "",
        "payloadType": "date",
        "x": 160,
        "y": 1320,
        "wires": [
            [
                "7eb8f5e647fe7baf"
            ]
        ]
    },
    {
        "id": "fbae0bd8e3526a39",
        "type": "inject",
        "z": "0eda7f126c5a7d66",
        "name": "21:30",
        "props": [
            {
                "p": "payload"
            },
            {
                "p": "topic",
                "vt": "str"
            }
        ],
        "repeat": "",
        "crontab": "30 21 * * *",
        "once": false,
        "onceDelay": 0.1,
        "topic": "",
        "payload": "",
        "payloadType": "date",
        "x": 160,
        "y": 1360,
        "wires": [
            [
                "7eb8f5e647fe7baf"
            ]
        ]
    },
    {
        "id": "b89317815c29f962",
        "type": "inject",
        "z": "0eda7f126c5a7d66",
        "name": "22:30",
        "props": [
            {
                "p": "payload"
            },
            {
                "p": "topic",
                "vt": "str"
            }
        ],
        "repeat": "",
        "crontab": "30 22 * * *",
        "once": false,
        "onceDelay": 0.1,
        "topic": "",
        "payload": "",
        "payloadType": "date",
        "x": 160,
        "y": 1400,
        "wires": [
            [
                "7eb8f5e647fe7baf"
            ]
        ]
    },
    {
        "id": "f328954b503905b1",
        "type": "inject",
        "z": "0eda7f126c5a7d66",
        "name": "23:30",
        "props": [
            {
                "p": "payload"
            },
            {
                "p": "topic",
                "vt": "str"
            }
        ],
        "repeat": "",
        "crontab": "30 23 * * *",
        "once": false,
        "onceDelay": 0.1,
        "topic": "",
        "payload": "",
        "payloadType": "date",
        "x": 160,
        "y": 1440,
        "wires": [
            [
                "7eb8f5e647fe7baf"
            ]
        ]
    },
    {
        "id": "6a59caeaf85c9c75",
        "type": "inject",
        "z": "0eda7f126c5a7d66",
        "name": "00:30",
        "props": [
            {
                "p": "payload"
            },
            {
                "p": "topic",
                "vt": "str"
            }
        ],
        "repeat": "",
        "crontab": "30 00 * * *",
        "once": false,
        "onceDelay": 0.1,
        "topic": "",
        "payload": "",
        "payloadType": "date",
        "x": 160,
        "y": 1480,
        "wires": [
            [
                "7eb8f5e647fe7baf"
            ]
        ]
    },
    {
        "id": "e39b3c8f66e35026",
        "type": "inject",
        "z": "0eda7f126c5a7d66",
        "name": "01:30",
        "props": [
            {
                "p": "payload"
            },
            {
                "p": "topic",
                "vt": "str"
            }
        ],
        "repeat": "",
        "crontab": "30 01 * * *",
        "once": false,
        "onceDelay": 0.1,
        "topic": "",
        "payload": "",
        "payloadType": "date",
        "x": 160,
        "y": 1520,
        "wires": [
            [
                "7eb8f5e647fe7baf"
            ]
        ]
    },
    {
        "id": "511a5ef1f2ac2e76",
        "type": "inject",
        "z": "0eda7f126c5a7d66",
        "name": "02:30",
        "props": [
            {
                "p": "payload"
            },
            {
                "p": "topic",
                "vt": "str"
            }
        ],
        "repeat": "",
        "crontab": "30 02 * * *",
        "once": false,
        "onceDelay": 0.1,
        "topic": "",
        "payload": "",
        "payloadType": "date",
        "x": 160,
        "y": 1560,
        "wires": [
            [
                "7eb8f5e647fe7baf"
            ]
        ]
    },
    {
        "id": "fc904e910248edc1",
        "type": "inject",
        "z": "0eda7f126c5a7d66",
        "name": "03:30",
        "props": [
            {
                "p": "payload"
            },
            {
                "p": "topic",
                "vt": "str"
            }
        ],
        "repeat": "",
        "crontab": "30 03 * * *",
        "once": false,
        "onceDelay": 0.1,
        "topic": "",
        "payload": "",
        "payloadType": "date",
        "x": 160,
        "y": 1600,
        "wires": [
            [
                "7eb8f5e647fe7baf"
            ]
        ]
    },
    {
        "id": "5c4299514e793ea4",
        "type": "inject",
        "z": "0eda7f126c5a7d66",
        "name": "04:30",
        "props": [
            {
                "p": "payload"
            },
            {
                "p": "topic",
                "vt": "str"
            }
        ],
        "repeat": "",
        "crontab": "30 04 * * *",
        "once": false,
        "onceDelay": 0.1,
        "topic": "",
        "payload": "",
        "payloadType": "date",
        "x": 160,
        "y": 1640,
        "wires": [
            [
                "7eb8f5e647fe7baf"
            ]
        ]
    },
    {
        "id": "f8257f3a28b65882",
        "type": "inject",
        "z": "0eda7f126c5a7d66",
        "name": "07",
        "props": [
            {
                "p": "payload"
            },
            {
                "p": "topic",
                "vt": "str"
            }
        ],
        "repeat": "",
        "crontab": "00 07 * * *",
        "once": false,
        "onceDelay": 0.1,
        "topic": "",
        "payload": "",
        "payloadType": "date",
        "x": 150,
        "y": 680,
        "wires": [
            [
                "0e8cde5bd3217f0e"
            ]
        ]
    },
    {
        "id": "34253a16e72ee68d",
        "type": "inject",
        "z": "0eda7f126c5a7d66",
        "name": "06",
        "props": [
            {
                "p": "payload"
            },
            {
                "p": "topic",
                "vt": "str"
            }
        ],
        "repeat": "",
        "crontab": "00 06 * * *",
        "once": false,
        "onceDelay": 0.1,
        "topic": "",
        "payload": "",
        "payloadType": "date",
        "x": 150,
        "y": 720,
        "wires": [
            [
                "0e8cde5bd3217f0e"
            ]
        ]
    },
    {
        "id": "b01dd0870ed4a5c7",
        "type": "inject",
        "z": "0eda7f126c5a7d66",
        "name": "08",
        "props": [
            {
                "p": "payload"
            },
            {
                "p": "topic",
                "vt": "str"
            }
        ],
        "repeat": "",
        "crontab": "00 08 * * *",
        "once": false,
        "onceDelay": 0.1,
        "topic": "",
        "payload": "",
        "payloadType": "date",
        "x": 150,
        "y": 640,
        "wires": [
            [
                "0e8cde5bd3217f0e"
            ]
        ]
    },
    {
        "id": "49aa83c5a6748a26",
        "type": "inject",
        "z": "0eda7f126c5a7d66",
        "name": "09",
        "props": [
            {
                "p": "payload"
            },
            {
                "p": "topic",
                "vt": "str"
            }
        ],
        "repeat": "",
        "crontab": "00 09 * * *",
        "once": false,
        "onceDelay": 0.1,
        "topic": "",
        "payload": "",
        "payloadType": "date",
        "x": 150,
        "y": 600,
        "wires": [
            [
                "0e8cde5bd3217f0e"
            ]
        ]
    },
    {
        "id": "decb8bdc539b60ac",
        "type": "inject",
        "z": "0eda7f126c5a7d66",
        "name": "10",
        "props": [
            {
                "p": "payload"
            },
            {
                "p": "topic",
                "vt": "str"
            }
        ],
        "repeat": "",
        "crontab": "00 10 * * *",
        "once": false,
        "onceDelay": 0.1,
        "topic": "",
        "payload": "",
        "payloadType": "date",
        "x": 150,
        "y": 560,
        "wires": [
            [
                "0e8cde5bd3217f0e"
            ]
        ]
    },
    {
        "id": "2199036a85995d93",
        "type": "inject",
        "z": "0eda7f126c5a7d66",
        "name": "11",
        "props": [
            {
                "p": "payload"
            },
            {
                "p": "topic",
                "vt": "str"
            }
        ],
        "repeat": "",
        "crontab": "00 11 * * *",
        "once": false,
        "onceDelay": 0.1,
        "topic": "",
        "payload": "",
        "payloadType": "date",
        "x": 150,
        "y": 520,
        "wires": [
            [
                "0e8cde5bd3217f0e"
            ]
        ]
    },
    {
        "id": "0696fde56401a7fb",
        "type": "inject",
        "z": "0eda7f126c5a7d66",
        "name": "12",
        "props": [
            {
                "p": "payload"
            },
            {
                "p": "topic",
                "vt": "str"
            }
        ],
        "repeat": "",
        "crontab": "00 12 * * *",
        "once": false,
        "onceDelay": 0.1,
        "topic": "",
        "payload": "",
        "payloadType": "date",
        "x": 150,
        "y": 480,
        "wires": [
            [
                "0e8cde5bd3217f0e"
            ]
        ]
    },
    {
        "id": "5984821db49ee6d0",
        "type": "inject",
        "z": "0eda7f126c5a7d66",
        "name": "13",
        "props": [
            {
                "p": "payload"
            },
            {
                "p": "topic",
                "vt": "str"
            }
        ],
        "repeat": "",
        "crontab": "00 13 * * *",
        "once": false,
        "onceDelay": 0.1,
        "topic": "",
        "payload": "",
        "payloadType": "date",
        "x": 150,
        "y": 440,
        "wires": [
            [
                "0e8cde5bd3217f0e"
            ]
        ]
    },
    {
        "id": "26b2a694b0dec7e9",
        "type": "inject",
        "z": "0eda7f126c5a7d66",
        "name": "14",
        "props": [
            {
                "p": "payload"
            },
            {
                "p": "topic",
                "vt": "str"
            }
        ],
        "repeat": "",
        "crontab": "00 14 * * *",
        "once": false,
        "onceDelay": 0.1,
        "topic": "",
        "payload": "",
        "payloadType": "date",
        "x": 150,
        "y": 400,
        "wires": [
            [
                "0e8cde5bd3217f0e"
            ]
        ]
    },
    {
        "id": "b8ab3a6632e53458",
        "type": "inject",
        "z": "0eda7f126c5a7d66",
        "name": "15",
        "props": [
            {
                "p": "payload"
            },
            {
                "p": "topic",
                "vt": "str"
            }
        ],
        "repeat": "",
        "crontab": "00 15 * * *",
        "once": false,
        "onceDelay": 0.1,
        "topic": "",
        "payload": "",
        "payloadType": "date",
        "x": 150,
        "y": 360,
        "wires": [
            [
                "0e8cde5bd3217f0e"
            ]
        ]
    },
    {
        "id": "b6fec7bd7d63d15d",
        "type": "inject",
        "z": "0eda7f126c5a7d66",
        "name": "16",
        "props": [
            {
                "p": "payload"
            },
            {
                "p": "topic",
                "vt": "str"
            }
        ],
        "repeat": "",
        "crontab": "00 16 * * *",
        "once": false,
        "onceDelay": 0.1,
        "topic": "",
        "payload": "",
        "payloadType": "date",
        "x": 150,
        "y": 320,
        "wires": [
            [
                "0e8cde5bd3217f0e"
            ]
        ]
    },
    {
        "id": "b1f68d11c35ff432",
        "type": "inject",
        "z": "0eda7f126c5a7d66",
        "name": "17",
        "props": [
            {
                "p": "payload"
            },
            {
                "p": "topic",
                "vt": "str"
            }
        ],
        "repeat": "",
        "crontab": "00 17 * * *",
        "once": false,
        "onceDelay": 0.1,
        "topic": "",
        "payload": "",
        "payloadType": "date",
        "x": 150,
        "y": 280,
        "wires": [
            [
                "0e8cde5bd3217f0e"
            ]
        ]
    },
    {
        "id": "83d4c2b2508f215b",
        "type": "mqtt in",
        "z": "0eda7f126c5a7d66",
        "name": "flow",
        "topic": "ras/flow",
        "qos": "1",
        "datatype": "auto-detect",
        "broker": "9444fed1164fae5c",
        "nl": false,
        "rap": true,
        "rh": 0,
        "inputs": 0,
        "x": 430,
        "y": 40,
        "wires": [
            []
        ]
    },
    {
        "id": "5cdd960e468729bf",
        "type": "ui_switch",
        "z": "0eda7f126c5a7d66",
        "name": "",
        "label": "Change Water",
        "tooltip": "",
        "group": "a520c3331450a041",
        "order": 9,
        "width": 0,
        "height": 0,
        "passthru": true,
        "decouple": "false",
        "topic": "topic",
        "topicType": "msg",
        "style": "",
        "onvalue": "1",
        "onvalueType": "num",
        "onicon": "",
        "oncolor": "",
        "offvalue": "0",
        "offvalueType": "num",
        "officon": "",
        "offcolor": "",
        "animate": false,
        "x": 580,
        "y": 1500,
        "wires": [
            [
                "e992b32897ecf4f4"
            ]
        ]
    },
    {
        "id": "e992b32897ecf4f4",
        "type": "mqtt out",
        "z": "0eda7f126c5a7d66",
        "name": "",
        "topic": "process/change-water",
        "qos": "",
        "retain": "",
        "respTopic": "",
        "contentType": "",
        "userProps": "",
        "correl": "",
        "expiry": "",
        "broker": "9444fed1164fae5c",
        "x": 780,
        "y": 1500,
        "wires": []
    },
    {
        "id": "9444fed1164fae5c",
        "type": "mqtt-broker",
        "name": "mosquitto",
        "broker": "test.mosquitto.org",
        "port": "1883",
        "clientid": "",
        "autoConnect": true,
        "usetls": false,
        "protocolVersion": "4",
        "keepalive": "60",
        "cleansession": true,
        "autoUnsubscribe": true,
        "birthTopic": "",
        "birthQos": "0",
        "birthRetain": "false",
        "birthPayload": "",
        "birthMsg": {},
        "closeTopic": "",
        "closeQos": "0",
        "closeRetain": "false",
        "closePayload": "",
        "closeMsg": {},
        "willTopic": "",
        "willQos": "0",
        "willRetain": "false",
        "willPayload": "",
        "willMsg": {},
        "userProps": "",
        "sessionExpiry": ""
    },
    {
        "id": "a4f3adcf406f8c8d",
        "type": "ui_group",
        "name": "Group 1",
        "tab": "117ac5654b1c3f6d",
        "order": 1,
        "disp": false,
        "width": "6",
        "collapse": false
    },
    {
        "id": "3f6851220368ed8b",
        "type": "ui_group",
        "name": "Group 2",
        "tab": "117ac5654b1c3f6d",
        "order": 2,
        "disp": false,
        "width": "6",
        "collapse": false
    },
    {
        "id": "31067771b775edb1",
        "type": "ui_group",
        "name": "Group 4",
        "tab": "117ac5654b1c3f6d",
        "order": 4,
        "disp": false,
        "width": "6",
        "collapse": false
    },
    {
        "id": "b9ffa86f11e9e0be",
        "type": "ui_group",
        "name": "Group 3",
        "tab": "117ac5654b1c3f6d",
        "order": 3,
        "disp": false,
        "width": "6",
        "collapse": false
    },
    {
        "id": "a520c3331450a041",
        "type": "ui_group",
        "name": "Group 1",
        "tab": "e18145ac2b1821e4",
        "order": 1,
        "disp": false,
        "width": "6",
        "collapse": false
    },
    {
        "id": "81b1bdc3.9a60b8",
        "type": "ui_group",
        "name": "Hacks",
        "tab": "",
        "order": 1,
        "disp": true,
        "width": "6",
        "collapse": false
    },
    {
        "id": "393d9c0812216f1f",
        "type": "MySQLdatabase",
        "name": "",
        "host": "localhost",
        "port": "3306",
        "db": "crayfish_db",
        "tz": "",
        "charset": "UTF8"
    },
    {
        "id": "117ac5654b1c3f6d",
        "type": "ui_tab",
        "name": "Tab 1",
        "icon": "dashboard",
        "order": 1
    },
    {
        "id": "e18145ac2b1821e4",
        "type": "ui_tab",
        "name": "Tab 2",
        "icon": "dashboard",
        "order": 2
    }
]